{
    "EnterpriseTaskList": [{
            "imageName": "michael",
            "nameheading": "I cannot edit task titles of my own tasks",
            "Status": "In Progress",
            "due-time": "5 Hours",
            "last-time": "2 Hour(s) ago"
        }, {
            "imageName": "john",
            "nameheading": "I cannot edit task titles of my own tasks",
            "Status": "Critical",
            "due-time": "6 Hours",
            "last-time": "5 Hour(s) ago"
        }, {
            "imageName": "naina",
            "nameheading": "I cannot edit task titles of my own tasks",
            "Status": "Completed",
            "due-time": "5 Hours",
            "last-time": "2 Hour(s) ago"
        }, {
            "imageName": "coria",
            "nameheading": "I cannot edit task titles of my own tasks",
            "Status": "Critical",
            "due-time": "5 Hours",
            "last-time": "3 Hour(s) ago"
        }, {
            "imageName": "criss",
            "nameheading": "I cannot edit task titles of my own tasks",
            "Status": "Completed",
            "due-time": "5 Hours",
            "last-time": "4 Hour(s) ago"
        }, {
            "imageName": "michael",
            "nameheading": "I cannot edit task titles of my own tasks",
            "Status": "Completed",
            "due-time": "7 Hours",
            "last-time": "2 Hour(s) ago"
        }

    ]
}
