{
    "EnterpriseTaskList": [ {
            "imageName": "michael",
            "nameheading": "I cannot edit task titles of my own tasks",
            "Status": "Critical",
            "due time": "5 Hours",
            "last time": "5 Hour(s) ago"
        },
        {
            "imageName": "michael",
            "nameheading": "I cannot edit task titles of my own tasks",
            "Status": "Critical",
            "due time": "5 Hours",
            "last time": "5 Hour(s) ago"
        }

    ]
}
